<?xml version="1.0" encoding="UTF-8"?>
<project name="ivy" default="resolve" xmlns:ivy="antlib:org.apache.ivy.ant">

	<description>
		このAntを実行するとivy.xmlの定義を元に必要なライブラリを自動的にダウンロードします。
		ivyがインストールされていない場合は先にダウンロードを行います。
		外部接続にプロキシ設定が必要な場合は、Eclipseの設定で変更後、
		Ant実行時のVMをワークスペースのものに変更(Run in the same JRE as the workspace)して下さい。
	</description>

	<!-- ivy導入バージョン -->
	<property name="ivy.install.version" value="2.3.0-rc1" />
	<!-- ivy導入フォルダ -->
	<property name="ivy.install.dir" location="lib/ivy" />
	<!-- 取得ライブラリ展開フォルダ -->
	<property name="lib.dir" location="lib" />
	<!-- ivy取得URL -->
	<property name="ivy.url" value="http://repo1.maven.org/maven2/org/apache/ivy/ivy/${ivy.install.version}/ivy-${ivy.install.version}.jar" />

	<target name="check-ivy" description="--> ivy installation check">
		<condition property="skip.download">
			<and>
				<available file="${ivy.install.dir}"/>
				<resourcecount when="greater" count="0">
					<fileset dir="${ivy.install.dir}" includes="ivy-${ivy.install.version}.jar" />
				</resourcecount>
			</and>
		</condition>
	</target>

	<target name="download-ivy" depends="check-ivy" unless="skip.download" description="--> download ivy">
		<mkdir dir="${ivy.install.dir}" />
		<echo message="installing ivy..." />
		<get src="${ivy.url}" dest="${ivy.install.dir}/ivy-${ivy.install.version}.jar" usetimestamp="true" />
	</target>

	<target name="install-ivy" depends="download-ivy" description="--> install ivy">
		<path id="ivy.lib.path">
			<fileset dir="${ivy.install.dir}" includes="ivy-${ivy.install.version}.jar" />
		</path>
		<taskdef resource="org/apache/ivy/ant/antlib.xml" uri="antlib:org.apache.ivy.ant" classpathref="ivy.lib.path" />
	</target>

	<target name="resolve" depends="install-ivy" description="--> retrieve dependencies with ivy">
		<xmlproperty file="ivy.xml" prefix="ivy" collapseattributes="true" />
		<script language="JavaScript">
			<![CDATA[
			var project = self.getProject();
			var confList = project.getProperty("ivy.ivy-module.configurations.conf.name").split(",");
			var targetResolve = project.getTargets().get("resolve-sub" );
			for (var i = 0; i < confList.length; i++) {
				project.setProperty("conf.name", confList[i]);
				targetResolve.execute();
			}
		]]></script>
	</target>

	<target name="resolve-sub" description="--> call ivy">
		<ivy:retrieve pattern="${lib.dir}/[conf]/sources/[artifact]-[revision]-sources.[ext]" type="source" conf="${conf.name}" />
		<ivy:retrieve pattern="${lib.dir}/[conf]/[artifact]-[revision].[ext]" type="bundle,jar" conf="${conf.name}" />
	</target>

	<target name="resolve-for-m2e" depends="install-ivy">
		<ivy:configure />
		<ivy:resolve file="pom.xml" type="runtime,sources" />
		<ivy:retrieve />
	</target>

</project>